year,exporter_iso3_code,value,region,country
2002,AGO,3278764.304,Africa,Angola
2002,BDI,786.5020000000001,Africa,Burundi
2002,BEN,787.5459999999999,Africa,Benin
2002,BFA,2829.337,Africa,Burkina Faso
2002,BWA,29532.132999999998,Africa,Botswana
2002,CAF,1993.5249999999999,Africa,Central African Republic
2002,CIV,396522.917,Africa,Côte d’Ivoire
2002,CMR,182114.996,Africa,Cameroon
2002,COD,210757.462,Africa,DR Congo
2002,COG,190905.804,Africa,Congo
2002,COM,5388.733,Africa,Comoros
2002,CPV,1965.3129999999999,Africa,Cabo Verde
2002,DJI,179.07299999999998,Africa,Djibouti
2002,DZA,2582701.492,Africa,Algeria
2002,EGY,970113.0,Africa,Egypt
2002,ERI,190.202,Africa,Eritrea
2002,ETH,26281.453,Africa,Ethiopia
2002,GAB,1654561.3830000001,Africa,Gabon
2002,GHA,124857.652,Africa,Ghana
2002,GIN,84241.801,Africa,Guinea
2002,GMB,323.501,Africa,Gambia
2002,GNB,38.708,Africa,Guinea-Bissau
2002,GNQ,528965.156,Africa,Equatorial Guinea
2002,KEN,191155.978,Africa,Kenya
2002,LBR,46542.437,Africa,Liberia
2002,LSO,342960.494,Africa,Lesotho
2002,MAR,419345.647,Africa,Morocco
2002,MDG,224729.647,Africa,Madagascar
2002,MLI,2276.635,Africa,Mali
2002,MOZ,10381.303000000002,Africa,Mozambique
2002,MRT,777.994,Africa,Mauritania
2002,MUS,340749.764,Africa,Mauritius
2002,MWI,77089.304,Africa,Malawi
2002,NAM,57063.866,Africa,Namibia
2002,NER,13908.715,Africa,Niger
2002,NGA,6187789.991999999,Africa,Nigeria
2002,RWA,3324.092,Africa,Rwanda
2002,SDN,1458.157,Africa,Sudan
2002,SEN,3163.9449999999997,Africa,Senegal
2002,SLE,3673.396,Africa,Sierra Leone
2002,SOM,351.27,Africa,Somalia
2002,STP,412.489,Africa,Sao Tome and Principe
2002,SWZ,122720.071,Africa,Eswatini
2002,SYC,25093.874000000003,Africa,Seychelles
2002,TCD,5965.68,Africa,Chad
2002,TGO,2344.2560000000003,Africa,Togo
2002,TUN,107694.612,Africa,Tunisia
2002,TZA,23860.468,Africa,Tanzania
2002,UGA,19131.067,Africa,Uganda
2002,ZAF,4664660.103,Africa,South Africa
2002,ZMB,15220.506,Africa,Zambia
2002,ZWE,108200.715,Africa,Zimbabwe
2003,AGO,4503980.378,Africa,Angola
2003,BDI,6513.862999999999,Africa,Burundi
2003,BEN,682.952,Africa,Benin
2003,BFA,918.979,Africa,Burkina Faso
2003,BWA,13986.293,Africa,Botswana
2003,CAF,1868.485,Africa,Central African Republic
2003,CIV,510584.282,Africa,Côte d’Ivoire
2003,CMR,220406.067,Africa,Cameroon
2003,COD,183204.864,Africa,DR Congo
2003,COG,454658.217,Africa,Congo
2003,COM,4098.201,Africa,Comoros
2003,CPV,4311.787,Africa,Cabo Verde
2003,DJI,167.245,Africa,Djibouti
2003,DZA,5055929.148,Africa,Algeria
2003,EGY,1076050.172,Africa,Egypt
2003,ERI,146.801,Africa,Eritrea
2003,ETH,32250.853,Africa,Ethiopia
2003,GAB,2071194.2850000001,Africa,Gabon
2003,GHA,92759.525,Africa,Ghana
2003,GIN,86764.104,Africa,Guinea
2003,GMB,161.651,Africa,Gambia
2003,GNB,2067.527,Africa,Guinea-Bissau
2003,GNQ,956049.9929999999,Africa,Equatorial Guinea
2003,KEN,245888.509,Africa,Kenya
2003,LBR,61677.324,Africa,Liberia
2003,LSO,419292.701,Africa,Lesotho
2003,MAR,433567.437,Africa,Morocco
2003,MDG,383700.538,Africa,Madagascar
2003,MLI,2183.078,Africa,Mali
2003,MOZ,10950.938,Africa,Mozambique
2003,MRT,786.984,Africa,Mauritania
2003,MUS,367174.871,Africa,Mauritius
2003,MWI,91053.112,Africa,Malawi
2003,NAM,125606.054,Africa,Namibia
2003,NER,12890.413,Africa,Niger
2003,NGA,10935309.245,Africa,Nigeria
2003,RWA,2840.822,Africa,Rwanda
2003,SDN,3060.8070000000002,Africa,Sudan
2003,SEN,10706.669,Africa,Senegal
2003,SLE,6639.336,Africa,Sierra Leone
2003,SOM,146.66,Africa,Somalia
2003,STP,101.696,Africa,Sao Tome and Principe
2003,SWZ,173065.222,Africa,Eswatini
2003,SYC,11947.728,Africa,Seychelles
2003,TCD,24302.265,Africa,Chad
2003,TGO,1993.104,Africa,Togo
2003,TUN,117272.168,Africa,Tunisia
2003,TZA,25386.209,Africa,Tanzania
2003,UGA,39997.818,Africa,Uganda
2003,ZAF,5001971.371,Africa,South Africa
2003,ZMB,15276.866,Africa,Zambia
2003,ZWE,61419.242,Africa,Zimbabwe
2004,AGO,4787471.073999999,Africa,Angola
2004,BDI,3271.2210000000005,Africa,Burundi
2004,BEN,1618.176,Africa,Benin
2004,BFA,1160.568,Africa,Burkina Faso
2004,BWA,74298.235,Africa,Botswana
2004,CAF,8727.974999999999,Africa,Central African Republic
2004,CIV,775435.5449999999,Africa,Côte d’Ivoire
2004,CMR,324800.55,Africa,Cameroon
2004,COD,132008.82299999997,Africa,DR Congo
2004,COG,898245.607,Africa,Congo
2004,COM,16549.351,Africa,Comoros
2004,CPV,3784.603,Africa,Cabo Verde
2004,DJI,459.084,Africa,Djibouti
2004,DZA,7861544.526,Africa,Algeria
2004,EGY,1336789.504,Africa,Egypt
2004,ERI,315.399,Africa,Eritrea
2004,ETH,50753.595,Africa,Ethiopia
2004,GAB,2603916.699,Africa,Gabon
2004,GHA,158567.013,Africa,Ghana
2004,GIN,76086.95,Africa,Guinea
2004,GMB,522.722,Africa,Gambia
2004,GNB,27861.445000000003,Africa,Guinea-Bissau
2004,GNQ,1250885.735,Africa,Equatorial Guinea
2004,KEN,308957.32,Africa,Kenya
2004,LBR,89105.514,Africa,Liberia
2004,LBY,350457.074,Africa,Libya
2004,LSO,491239.26800000004,Africa,Lesotho
2004,MAR,596341.363,Africa,Morocco
2004,MDG,492435.84,Africa,Madagascar
2004,MLI,6238.68,Africa,Mali
2004,MOZ,11784.16,Africa,Mozambique
2004,MRT,501.47499999999997,Africa,Mauritania
2004,MUS,310766.029,Africa,Mauritius
2004,MWI,86734.738,Africa,Malawi
2004,NAM,397743.307,Africa,Namibia
2004,NER,36261.433,Africa,Niger
2004,NGA,17093235.854,Africa,Nigeria
2004,RWA,5773.039,Africa,Rwanda
2004,SDN,3839.308,Africa,Sudan
2004,SEN,4768.0689999999995,Africa,Senegal
2004,SLE,11141.34,Africa,Sierra Leone
2004,SOM,695.385,Africa,Somalia
2004,STP,88.356,Africa,Sao Tome and Principe
2004,SWZ,208510.473,Africa,Eswatini
2004,SYC,5122.677,Africa,Seychelles
2004,TCD,825010.894,Africa,Chad
2004,TGO,3157.7619999999997,Africa,Togo
2004,TUN,246316.587,Africa,Tunisia
2004,TZA,24992.031,Africa,Tanzania
2004,UGA,30396.599000000002,Africa,Uganda
2004,ZAF,6740352.274,Africa,South Africa
2004,ZMB,33967.415,Africa,Zambia
2004,ZWE,90207.88,Africa,Zimbabwe
2005,AGO,8848853.558,Africa,Angola
2005,BDI,4752.498,Africa,Burundi
2005,BEN,564.4110000000001,Africa,Benin
2005,BFA,1265.205,Africa,Burkina Faso
2005,BWA,178513.792,Africa,Botswana
2005,CAF,5597.205,Africa,Central African Republic
2005,CIV,1274268.866,Africa,Côte d’Ivoire
2005,CMR,166057.573,Africa,Cameroon
2005,COD,270551.598,Africa,DR Congo
2005,COG,1693643.265,Africa,Congo
2005,COM,1451.489,Africa,Comoros
2005,CPV,2790.703,Africa,Cabo Verde
2005,DJI,905.091,Africa,Djibouti
2005,DZA,10872459.544,Africa,Algeria
2005,EGY,2130227.795,Africa,Egypt
2005,ERI,1128.998,Africa,Eritrea
2005,ETH,65613.065,Africa,Ethiopia
2005,GAB,2955647.833,Africa,Gabon
2005,GHA,182051.11,Africa,Ghana
2005,GIN,90633.604,Africa,Guinea
2005,GMB,432.662,Africa,Gambia
2005,GNB,61.167,Africa,Guinea-Bissau
2005,GNQ,1668429.485,Africa,Equatorial Guinea
2005,KEN,415270.694,Africa,Kenya
2005,LBR,96554.56800000001,Africa,Liberia
2005,LBY,1686101.908,Africa,Libya
2005,LSO,419339.6,Africa,Lesotho
2005,MAR,494633.6,Africa,Morocco
2005,MDG,332307.98,Africa,Madagascar
2005,MLI,3421.57,Africa,Mali
2005,MOZ,25136.332,Africa,Mozambique
2005,MRT,582.556,Africa,Mauritania
2005,MUS,238720.339,Africa,Mauritius
2005,MWI,153737.83200000002,Africa,Malawi
2005,NAM,184193.991,Africa,Namibia
2005,NER,72194.07900000001,Africa,Niger
2005,NGA,25123602.208,Africa,Nigeria
2005,RWA,8537.596,Africa,Rwanda
2005,SDN,14046.556,Africa,Sudan
2005,SEN,18512.192000000003,Africa,Senegal
2005,SLE,9717.381,Africa,Sierra Leone
2005,SOM,379.235,Africa,Somalia
2005,STP,222.768,Africa,Sao Tome and Principe
2005,SWZ,206584.754,Africa,Eswatini
2005,SYC,5344.213,Africa,Seychelles
2005,TCD,1578573.5070000002,Africa,Chad
2005,TGO,8924.763,Africa,Togo
2005,TUN,281155.105,Africa,Tunisia
2005,TZA,39078.945999999996,Africa,Tanzania
2005,UGA,30790.634,Africa,Uganda
2005,ZAF,6184600.124,Africa,South Africa
2005,ZMB,45144.947,Africa,Zambia
2005,ZWE,111490.36200000001,Africa,Zimbabwe
2006,AGO,12097865.663999999,Africa,Angola
2006,BDI,2013.87,Africa,Burundi
2006,BEN,773.765,Africa,Benin
2006,BFA,1842.584,Africa,Burkina Faso
2006,BWA,252501.003,Africa,Botswana
2006,CAF,4354.027,Africa,Central African Republic
2006,CIV,789283.399,Africa,Côte d’Ivoire
2006,CMR,291782.361,Africa,Cameroon
2006,COD,84982.16100000001,Africa,DR Congo
2006,COG,3182175.428,Africa,Congo
2006,COM,1596.999,Africa,Comoros
2006,CPV,960.6270000000001,Africa,Cabo Verde
2006,DJI,862.509,Africa,Djibouti
2006,DZA,15807235.310000002,Africa,Algeria
2006,EGY,2527881.203,Africa,Egypt
2006,ERI,561.8829999999999,Africa,Eritrea
2006,ETH,67227.621,Africa,Ethiopia
2006,GAB,1416649.7410000002,Africa,Gabon
2006,GHA,198129.005,Africa,Ghana
2006,GIN,115474.556,Africa,Guinea
2006,GMB,303.506,Africa,Gambia
2006,GNB,481.459,Africa,Guinea-Bissau
2006,GNQ,1818505.749,Africa,Equatorial Guinea
2006,KEN,435316.726,Africa,Kenya
2006,LBR,143788.223,Africa,Liberia
2006,LBY,2629092.671,Africa,Libya
2006,LSO,427617.485,Africa,Lesotho
2006,MAR,563690.236,Africa,Morocco
2006,MDG,283980.241,Africa,Madagascar
2006,MLI,9672.428,Africa,Mali
2006,MOZ,19047.335,Africa,Mozambique
2006,MRT,53567.609000000004,Africa,Mauritania
2006,MUS,253376.768,Africa,Mauritius
2006,MWI,100147.433,Africa,Malawi
2006,NAM,172783.752,Africa,Namibia
2006,NER,129919.96399999999,Africa,Niger
2006,NGA,29113306.646,Africa,Nigeria
2006,RWA,11321.154,Africa,Rwanda
2006,SDN,9352.302,Africa,Sudan
2006,SEN,24631.219,Africa,Senegal
2006,SLE,43776.748,Africa,Sierra Leone
2006,SOM,309.133,Africa,Somalia
2006,STP,202.862,Africa,Sao Tome and Principe
2006,SWZ,164058.848,Africa,Eswatini
2006,SYC,9232.173999999999,Africa,Seychelles
2006,TCD,2014088.3530000001,Africa,Chad
2006,TGO,3717.7980000000002,Africa,Togo
2006,TUN,516589.65,Africa,Tunisia
2006,TZA,40984.267,Africa,Tanzania
2006,UGA,26379.936,Africa,Uganda
2006,ZAF,7540445.815,Africa,South Africa
2006,ZMB,30799.376,Africa,Zambia
2006,ZWE,252815.463,Africa,Zimbabwe
2007,AGO,13047077.818000002,Africa,Angola
2007,BDI,1608.711,Africa,Burundi
2007,BEN,5271.688,Africa,Benin
2007,BFA,2070.7749999999996,Africa,Burkina Faso
2007,BWA,187708.62,Africa,Botswana
2007,CAF,3141.688,Africa,Central African Republic
2007,CIV,664854.711,Africa,Côte d’Ivoire
2007,CMR,314370.852,Africa,Cameroon
2007,COD,208271.095,Africa,DR Congo
2007,COG,3191296.037,Africa,Congo
2007,COM,558.762,Africa,Comoros
2007,CPV,2380.201,Africa,Cabo Verde
2007,DJI,1111.198,Africa,Djibouti
2007,DZA,18356819.237999998,Africa,Algeria
2007,EGY,2510657.541,Africa,Egypt
2007,ERI,277.54499999999996,Africa,Eritrea
2007,ETH,91193.01800000001,Africa,Ethiopia
2007,GAB,2256120.735,Africa,Gabon
2007,GHA,221543.245,Africa,Ghana
2007,GIN,140654.441,Africa,Guinea
2007,GMB,161.598,Africa,Gambia
2007,GNB,41.462,Africa,Guinea-Bissau
2007,GNQ,1848177.719,Africa,Equatorial Guinea
2007,KEN,424567.678,Africa,Kenya
2007,LBR,118043.80600000001,Africa,Liberia
2007,LBY,2438978.221,Africa,Libya
2007,LSO,454986.643,Africa,Lesotho
2007,MAR,712115.822,Africa,Morocco
2007,MDG,357041.662,Africa,Madagascar
2007,MLI,12898.674,Africa,Mali
2007,MOZ,7237.511,Africa,Mozambique
2007,MRT,613.426,Africa,Mauritania
2007,MUS,185156.15300000002,Africa,Mauritius
2007,MWI,77028.164,Africa,Malawi
2007,NAM,227989.93300000002,Africa,Namibia
2007,NER,36361.369,Africa,Niger
2007,NGA,33809844.24,Africa,Nigeria
2007,RWA,20103.936,Africa,Rwanda
2007,SDN,8727.845,Africa,Sudan
2007,SEN,20067.155,Africa,Senegal
2007,SLE,59906.013,Africa,Sierra Leone
2007,SOM,185.963,Africa,Somalia
2007,STP,401.726,Africa,Sao Tome and Principe
2007,SWZ,153787.035,Africa,Eswatini
2007,SYC,9171.374,Africa,Seychelles
2007,TCD,2233335.9140000003,Africa,Chad
2007,TGO,6917.593999999999,Africa,Togo
2007,TUN,481774.768,Africa,Tunisia
2007,TZA,81102.931,Africa,Tanzania
2007,UGA,34531.58,Africa,Uganda
2007,ZAF,8591949.492,Africa,South Africa
2007,ZMB,76013.114,Africa,Zambia
2007,ZWE,126717.045,Africa,Zimbabwe
2008,AGO,19328336.433000002,Africa,Angola
2008,BDI,3002.991,Africa,Burundi
2008,BEN,16623.475000000002,Africa,Benin
2008,BFA,12502.821,Africa,Burkina Faso
2008,BWA,218556.947,Africa,Botswana
2008,CAF,8986.363,Africa,Central African Republic
2008,CIV,1169565.505,Africa,Côte d’Ivoire
2008,CMR,649016.379,Africa,Cameroon
2008,COD,269979.219,Africa,DR Congo
2008,COG,5195338.959,Africa,Congo
2008,COM,963.341,Africa,Comoros
2008,CPV,452.874,Africa,Cabo Verde
2008,DJI,1402.9180000000001,Africa,Djibouti
2008,DZA,19803269.722,Africa,Algeria
2008,EGY,2584427.426,Africa,Egypt
2008,ERI,112.19800000000001,Africa,Eritrea
2008,ETH,144896.074,Africa,Ethiopia
2008,GAB,2375102.137,Africa,Gabon
2008,GHA,259317.94199999998,Africa,Ghana
2008,GIN,153360.442,Africa,Guinea
2008,GMB,465.097,Africa,Gambia
2008,GNB,167.903,Africa,Guinea-Bissau
2008,GNQ,3478002.6169999996,Africa,Equatorial Guinea
2008,KEN,413248.07,Africa,Kenya
2008,LBR,147211.962,Africa,Liberia
2008,LBY,2859891.899,Africa,Libya
2008,LSO,389598.256,Africa,Lesotho
2008,MAR,985160.532,Africa,Morocco
2008,MDG,402139.018,Africa,Madagascar
2008,MLI,20214.083,Africa,Mali
2008,MOZ,20310.454999999998,Africa,Mozambique
2008,MRT,48085.494999999995,Africa,Mauritania
2008,MUS,178225.761,Africa,Mauritius
2008,MWI,91991.797,Africa,Malawi
2008,NAM,350535.89999999997,Africa,Namibia
2008,NER,147416.576,Africa,Niger
2008,NGA,39534608.141,Africa,Nigeria
2008,RWA,17876.817,Africa,Rwanda
2008,SDN,5570.881,Africa,Sudan
2008,SEN,18193.293,Africa,Senegal
2008,SLE,57642.409,Africa,Sierra Leone
2008,SOM,176.72799999999998,Africa,Somalia
2008,STP,126.249,Africa,Sao Tome and Principe
2008,SWZ,187586.69700000001,Africa,Eswatini
2008,SYC,9068.994,Africa,Seychelles
2008,TCD,3457397.966,Africa,Chad
2008,TGO,11901.155999999999,Africa,Togo
2008,TUN,692176.105,Africa,Tunisia
2008,TZA,74238.65000000001,Africa,Tanzania
2008,UGA,28438.708,Africa,Uganda
2008,ZAF,9740045.696,Africa,South Africa
2008,ZMB,75642.18,Africa,Zambia
2008,ZWE,117188.241,Africa,Zimbabwe
2009,AGO,9843581.147999998,Africa,Angola
2009,BDI,5502.986,Africa,Burundi
2009,BEN,515.547,Africa,Benin
2009,BFA,42034.618,Africa,Burkina Faso
2009,BWA,137172.522,Africa,Botswana
2009,CAF,4083.0909999999994,Africa,Central African Republic
2009,CIV,854059.0560000001,Africa,Côte d’Ivoire
2009,CMR,272306.954,Africa,Cameroon
2009,COD,338419.598,Africa,DR Congo
2009,COG,3248300.176,Africa,Congo
2009,COM,1136.698,Africa,Comoros
2009,CPV,1136.547,Africa,Cabo Verde
2009,DJI,2760.1150000000002,Africa,Djibouti
2009,DZA,10972296.064,Africa,Algeria
2009,EGY,2283774.044,Africa,Egypt
2009,ERI,522.248,Africa,Eritrea
2009,ETH,105756.283,Africa,Ethiopia
2009,GAB,1309596.866,Africa,Gabon
2009,GHA,157761.499,Africa,Ghana
2009,GIN,93010.64199999999,Africa,Guinea
2009,GMB,1360.984,Africa,Gambia
2009,GNB,43.855000000000004,Africa,Guinea-Bissau
2009,GNQ,2574533.6700000004,Africa,Equatorial Guinea
2009,KEN,318966.455,Africa,Kenya
2009,LBR,83924.899,Africa,Liberia
2009,LBY,616401.316,Africa,Libya
2009,LSO,312514.63399999996,Africa,Lesotho
2009,MAR,682357.075,Africa,Morocco
2009,MDG,266049.371,Africa,Madagascar
2009,MLI,3214.592,Africa,Mali
2009,MOZ,64698.395,Africa,Mozambique
2009,MRT,36364.539000000004,Africa,Mauritania
2009,MUS,173549.991,Africa,Mauritius
2009,MWI,70932.44900000001,Africa,Malawi
2009,NAM,376252.99199999997,Africa,Namibia
2009,NER,151649.843,Africa,Niger
2009,NGA,19815778.900999997,Africa,Nigeria
2009,RWA,20998.061999999998,Africa,Rwanda
2009,SDN,10928.475999999999,Africa,Sudan
2009,SEN,7612.533,Africa,Senegal
2009,SLE,28449.149,Africa,Sierra Leone
2009,SOM,195.859,Africa,Somalia
2009,STP,184.436,Africa,Sao Tome and Principe
2009,SWZ,154768.815,Africa,Eswatini
2009,SYC,7106.032,Africa,Seychelles
2009,TCD,2051983.3580000002,Africa,Chad
2009,TGO,7143.563,Africa,Togo
2009,TUN,317663.685,Africa,Tunisia
2009,TZA,71502.42,Africa,Tanzania
2009,UGA,45919.388,Africa,Uganda
2009,ZAF,5927726.99,Africa,South Africa
2009,ZMB,12284.76,Africa,Zambia
2009,ZWE,31077.536,Africa,Zimbabwe
2010,AGO,12462011.75,Africa,Angola
2010,BDI,3468.02,Africa,Burundi
2010,BEN,359.439,Africa,Benin
2010,BFA,3817.294,Africa,Burkina Faso
2010,BWA,167655.562,Africa,Botswana
2010,CAF,5740.92,Africa,Central African Republic
2010,CIV,1270840.213,Africa,Côte d’Ivoire
2010,CMR,330054.852,Africa,Cameroon
2010,COD,545114.737,Africa,DR Congo
2010,COG,3392552.966,Africa,Congo
2010,COM,1735.954,Africa,Comoros
2010,CPV,1603.13,Africa,Cabo Verde
2010,DJI,1952.508,Africa,Djibouti
2010,DZA,14660470.06,Africa,Algeria
2010,EGY,2564034.768,Africa,Egypt
2010,ERI,101.84100000000001,Africa,Eritrea
2010,ETH,122771.377,Africa,Ethiopia
2010,GAB,2278705.1610000003,Africa,Gabon
2010,GHA,317585.944,Africa,Ghana
2010,GIN,111338.996,Africa,Guinea
2010,GMB,3895.972,Africa,Gambia
2010,GNB,884.8439999999999,Africa,Guinea-Bissau
2010,GNQ,2284945.7879999997,Africa,Equatorial Guinea
2010,KEN,381050.27,Africa,Kenya
2010,LBR,157025.963,Africa,Liberia
2010,LBY,376655.636,Africa,Libya
2010,LSO,311661.799,Africa,Lesotho
2010,MAR,937350.485,Africa,Morocco
2010,MDG,104891.253,Africa,Madagascar
2010,MLI,12230.903,Africa,Mali
2010,MOZ,70692.607,Africa,Mozambique
2010,MRT,54748.981,Africa,Mauritania
2010,MUS,210673.831,Africa,Mauritius
2010,MWI,94615.986,Africa,Malawi
2010,NAM,226051.896,Africa,Namibia
2010,NER,106306.65299999999,Africa,Niger
2010,NGA,32236626.543,Africa,Nigeria
2010,RWA,23760.839,Africa,Rwanda
2010,SDN,9246.509,Africa,Sudan
2010,SEN,5490.174,Africa,Senegal
2010,SLE,29395.659,Africa,Sierra Leone
2010,SOM,64.11999999999999,Africa,Somalia
2010,STP,306.797,Africa,Sao Tome and Principe
2010,SWZ,207479.233,Africa,Eswatini
2010,SYC,11789.868999999999,Africa,Seychelles
2010,TCD,2108300.676,Africa,Chad
2010,TGO,21022.186,Africa,Togo
2010,TUN,440164.124,Africa,Tunisia
2010,TZA,53463.845,Africa,Tanzania
2010,UGA,54305.244,Africa,Uganda
2010,ZAF,8392068.981,Africa,South Africa
2010,ZMB,35561.55299999999,Africa,Zambia
2010,ZWE,67913.46399999999,Africa,Zimbabwe
2011,AGO,14380077.388,Africa,Angola
2011,BDI,9790.909,Africa,Burundi
2011,BEN,2311.882,Africa,Benin
2011,BFA,11059.423,Africa,Burkina Faso
2011,BWA,287965.267,Africa,Botswana
2011,CAF,6441.72,Africa,Central African Republic
2011,CIV,1363404.307,Africa,Côte d’Ivoire
2011,CMR,366001.424,Africa,Cameroon
2011,COD,621612.6220000001,Africa,DR Congo
2011,COG,2504923.509,Africa,Congo
2011,COM,1823.3210000000001,Africa,Comoros
2011,CPV,1773.7160000000001,Africa,Cabo Verde
2011,DJI,938.281,Africa,Djibouti
2011,DZA,14968136.606,Africa,Algeria
2011,EGY,2375872.876,Africa,Egypt
2011,ERI,126.92,Africa,Eritrea
2011,ETH,142857.262,Africa,Ethiopia
2011,GAB,4638037.782,Africa,Gabon
2011,GHA,966995.6710000001,Africa,Ghana
2011,GIN,118384.27799999999,Africa,Guinea
2011,GMB,81.194,Africa,Gambia
2011,GNB,269.495,Africa,Guinea-Bissau
2011,GNQ,1215623.825,Africa,Equatorial Guinea
2011,KEN,386320.45900000003,Africa,Kenya
2011,LBR,161425.61299999998,Africa,Liberia
2011,LBY,665260.722,Africa,Libya
2011,LSO,385167.766,Africa,Lesotho
2011,MAR,1184919.258,Africa,Morocco
2011,MDG,87773.818,Africa,Madagascar
2011,MLI,8406.739,Africa,Mali
2011,MOZ,53706.004,Africa,Mozambique
2011,MRT,881.9939999999999,Africa,Mauritania
2011,MUS,259250.737,Africa,Mauritius
2011,MWI,83912.14600000001,Africa,Malawi
2011,NAM,571320.174,Africa,Namibia
2011,NER,410340.455,Africa,Niger
2011,NGA,34697196.64,Africa,Nigeria
2011,RWA,32840.417,Africa,Rwanda
2011,SDN,10998.19,Africa,Sudan
2011,SEN,7815.073,Africa,Senegal
2011,SLE,26707.361,Africa,Sierra Leone
2011,SOM,91.648,Africa,Somalia
2011,STP,778.621,Africa,Sao Tome and Principe
2011,SWZ,124369.301,Africa,Eswatini
2011,SYC,20420.341,Africa,Seychelles
2011,TCD,3247589.607,Africa,Chad
2011,TGO,33802.594,Africa,Togo
2011,TUN,428677.164,Africa,Tunisia
2011,TZA,74528.9,Africa,Tanzania
2011,UGA,55679.973,Africa,Uganda
2011,ZAF,9657924.039,Africa,South Africa
2011,ZMB,51276.512,Africa,Zambia
2011,ZWE,55833.158,Africa,Zimbabwe
2012,AGO,10206044.059999999,Africa,Angola
2012,BDI,5114.889,Africa,Burundi
2012,BEN,4468.487999999999,Africa,Benin
2012,BFA,31781.606,Africa,Burkina Faso
2012,BWA,225415.853,Africa,Botswana
2012,CAF,4226.486,Africa,Central African Republic
2012,CIV,1172361.176,Africa,Côte d’Ivoire
2012,CMR,341684.81,Africa,Cameroon
2012,COD,41579.399,Africa,DR Congo
2012,COG,1521596.923,Africa,Congo
2012,COM,2010.7600000000002,Africa,Comoros
2012,CPV,4199.179,Africa,Cabo Verde
2012,DJI,1702.912,Africa,Djibouti
2012,DZA,10383409.446999999,Africa,Algeria
2012,EGY,2504563.16,Africa,Egypt
2012,ERI,224.304,Africa,Eritrea
2012,ETH,141806.027,Africa,Ethiopia
2012,GAB,2038766.14,Africa,Gabon
2012,GHA,417299.457,Africa,Ghana
2012,GIN,140576.51499999998,Africa,Guinea
2012,GMB,401.987,Africa,Gambia
2012,GNB,67.82600000000001,Africa,Guinea-Bissau
2012,GNQ,1738577.09,Africa,Equatorial Guinea
2012,KEN,390498.135,Africa,Kenya
2012,LBR,146112.83000000002,Africa,Liberia
2012,LBY,2552772.9299999997,Africa,Libya
2012,LSO,323299.35599999997,Africa,Lesotho
2012,MAR,1052490.6,Africa,Morocco
2012,MDG,117651.056,Africa,Madagascar
2012,MLI,10700.044,Africa,Mali
2012,MOZ,49991.491,Africa,Mozambique
2012,MRT,705.4680000000001,Africa,Mauritania
2012,MUS,268559.32899999997,Africa,Mauritius
2012,MWI,73990.952,Africa,Malawi
2012,NAM,235005.358,Africa,Namibia
2012,NER,96471.088,Africa,Niger
2012,NGA,23404861.026,Africa,Nigeria
2012,RWA,39663.256,Africa,Rwanda
2012,SDN,7305.18,Africa,Sudan
2012,SEN,20282.777,Africa,Senegal
2012,SLE,17782.102,Africa,Sierra Leone
2012,SOM,218.56,Africa,Somalia
2012,SSD,0.342,Africa,South Sudan
2012,STP,604.479,Africa,Sao Tome and Principe
2012,SWZ,90924.737,Africa,Eswatini
2012,SYC,22691.893,Africa,Seychelles
2012,TCD,2714347.16,Africa,Chad
2012,TGO,53639.52799999999,Africa,Togo
2012,TUN,758349.652,Africa,Tunisia
2012,TZA,131891.701,Africa,Tanzania
2012,UGA,37532.813,Africa,Uganda
2012,ZAF,8972008.636,Africa,South Africa
2012,ZMB,66526.731,Africa,Zambia
2012,ZWE,53555.674,Africa,Zimbabwe
2013,AGO,9251370.290000001,Africa,Angola
2013,BDI,4857.2390000000005,Africa,Burundi
2013,BEN,6415.513,Africa,Benin
2013,BFA,6374.769,Africa,Burkina Faso
2013,BWA,263527.017,Africa,Botswana
2013,CAF,2853.909,Africa,Central African Republic
2013,CIV,1112355.691,Africa,Côte d’Ivoire
2013,CMR,441841.085,Africa,Cameroon
2013,COD,77876.037,Africa,DR Congo
2013,COG,1207060.551,Africa,Congo
2013,COM,2873.235,Africa,Comoros
2013,CPV,2466.4530000000004,Africa,Cabo Verde
2013,DJI,495.455,Africa,Djibouti
2013,DZA,5723703.629,Africa,Algeria
2013,EGY,1855337.551,Africa,Egypt
2013,ERI,155.966,Africa,Eritrea
2013,ETH,167384.531,Africa,Ethiopia
2013,GAB,1153287.587,Africa,Gabon
2013,GHA,408427.019,Africa,Ghana
2013,GIN,140082.885,Africa,Guinea
2013,GMB,1735.432,Africa,Gambia
2013,GNB,3210.285,Africa,Guinea-Bissau
2013,GNQ,918217.3099999999,Africa,Equatorial Guinea
2013,KEN,501411.853,Africa,Kenya
2013,LBR,98248.696,Africa,Liberia
2013,LBY,2620291.502,Africa,Libya
2013,LSO,361203.401,Africa,Lesotho
2013,MAR,1127543.118,Africa,Morocco
2013,MDG,202733.114,Africa,Madagascar
2013,MLI,3586.725,Africa,Mali
2013,MOZ,193727.06199999998,Africa,Mozambique
2013,MRT,160224.714,Africa,Mauritania
2013,MUS,339723.643,Africa,Mauritius
2013,MWI,93240.485,Africa,Malawi
2013,NAM,264231.37700000004,Africa,Namibia
2013,NER,122548.165,Africa,Niger
2013,NGA,12220396.36,Africa,Nigeria
2013,RWA,29919.034,Africa,Rwanda
2013,SDN,10996.731,Africa,Sudan
2013,SEN,32207.873,Africa,Senegal
2013,SLE,41531.537,Africa,Sierra Leone
2013,SOM,354.063,Africa,Somalia
2013,SSD,163.321,Africa,South Sudan
2013,STP,315.834,Africa,Sao Tome and Principe
2013,SWZ,84007.81,Africa,Eswatini
2013,SYC,8404.287,Africa,Seychelles
2013,TCD,2508470.3219999997,Africa,Chad
2013,TGO,8845.619,Africa,Togo
2013,TUN,909909.2490000001,Africa,Tunisia
2013,TZA,84793.981,Africa,Tanzania
2013,UGA,51029.605,Africa,Uganda
2013,ZAF,8175703.337,Africa,South Africa
2013,ZMB,40290.251000000004,Africa,Zambia
2013,ZWE,14431.57,Africa,Zimbabwe
2014,AGO,6129757.5600000005,Africa,Angola
2014,BDI,4479.353,Africa,Burundi
2014,BEN,15532.606,Africa,Benin
2014,BFA,9089.278,Africa,Burkina Faso
2014,BWA,326518.44,Africa,Botswana
2014,CAF,1470.805,Africa,Central African Republic
2014,CIV,1335307.869,Africa,Côte d’Ivoire
2014,CMR,257529.097,Africa,Cameroon
2014,COD,137444.348,Africa,DR Congo
2014,COG,585992.345,Africa,Congo
2014,COM,2101.3880000000004,Africa,Comoros
2014,CPV,1785.072,Africa,Cabo Verde
2014,DJI,1523.235,Africa,Djibouti
2014,DZA,4892121.089,Africa,Algeria
2014,EGY,1680251.886,Africa,Egypt
2014,ERI,96.087,Africa,Eritrea
2014,ETH,180258.345,Africa,Ethiopia
2014,GAB,1286257.555,Africa,Gabon
2014,GHA,326191.23400000005,Africa,Ghana
2014,GIN,119401.59000000001,Africa,Guinea
2014,GMB,343.042,Africa,Gambia
2014,GNB,25.611,Africa,Guinea-Bissau
2014,GNQ,256304.457,Africa,Equatorial Guinea
2014,KEN,545505.698,Africa,Kenya
2014,LBR,87186.071,Africa,Liberia
2014,LBY,230394.664,Africa,Libya
2014,LSO,372732.497,Africa,Lesotho
2014,MAR,1070273.421,Africa,Morocco
2014,MDG,239063.171,Africa,Madagascar
2014,MLI,4242.371,Africa,Mali
2014,MOZ,101441.994,Africa,Mozambique
2014,MRT,100562.29799999998,Africa,Mauritania
2014,MUS,400824.37200000003,Africa,Mauritius
2014,MWI,75833.95599999999,Africa,Malawi
2014,NAM,258898.521,Africa,Namibia
2014,NER,80641.17,Africa,Niger
2014,NGA,4505867.872,Africa,Nigeria
2014,RWA,51242.435,Africa,Rwanda
2014,SDN,13042.66,Africa,Sudan
2014,SEN,37730.146,Africa,Senegal
2014,SLE,30113.35,Africa,Sierra Leone
2014,SOM,190.629,Africa,Somalia
2014,SSD,59.69500000000001,Africa,South Sudan
2014,STP,949.193,Africa,Sao Tome and Principe
2014,SWZ,100767.399,Africa,Eswatini
2014,SYC,6970.031,Africa,Seychelles
2014,TCD,2378678.356,Africa,Chad
2014,TGO,10772.220000000001,Africa,Togo
2014,TUN,533501.102,Africa,Tunisia
2014,TZA,185943.444,Africa,Tanzania
2014,UGA,54126.269,Africa,Uganda
2014,ZAF,8055914.639,Africa,South Africa
2014,ZMB,63407.026999999995,Africa,Zambia
2014,ZWE,66396.5,Africa,Zimbabwe
2015,AGO,3008467.182,Africa,Angola
2015,BDI,8803.604000000001,Africa,Burundi
2015,BEN,8400.447,Africa,Benin
2015,BFA,2295.085,Africa,Burkina Faso
2015,BWA,199888.332,Africa,Botswana
2015,CAF,1350.9389999999999,Africa,Central African Republic
2015,CIV,1136648.141,Africa,Côte d’Ivoire
2015,CMR,152028.161,Africa,Cameroon
2015,COD,154024.361,Africa,DR Congo
2015,COG,358303.83999999997,Africa,Congo
2015,COM,1240.228,Africa,Comoros
2015,CPV,1992.741,Africa,Cabo Verde
2015,DJI,2373.088,Africa,Djibouti
2015,DZA,3208271.26,Africa,Algeria
2015,EGY,1681367.136,Africa,Egypt
2015,ERI,86.541,Africa,Eritrea
2015,ETH,256069.426,Africa,Ethiopia
2015,GAB,485297.75600000005,Africa,Gabon
2015,GHA,325117.90900000004,Africa,Ghana
2015,GIN,110384.35800000001,Africa,Guinea
2015,GMB,907.504,Africa,Gambia
2015,GNB,20.694,Africa,Guinea-Bissau
2015,GNQ,170625.324,Africa,Equatorial Guinea
2015,KEN,593203.131,Africa,Kenya
2015,LBR,46925.63,Africa,Liberia
2015,LBY,165015.34,Africa,Libya
2015,LSO,296317.911,Africa,Lesotho
2015,MAR,1108857.796,Africa,Morocco
2015,MDG,312349.902,Africa,Madagascar
2015,MLI,3809.3599999999997,Africa,Mali
2015,MOZ,117767.836,Africa,Mozambique
2015,MRT,1003.5989999999999,Africa,Mauritania
2015,MUS,383275.78099999996,Africa,Mauritius
2015,MWI,75637.763,Africa,Malawi
2015,NAM,86366.725,Africa,Namibia
2015,NER,143429.55299999999,Africa,Niger
2015,NGA,2799570.374,Africa,Nigeria
2015,RWA,43183.786,Africa,Rwanda
2015,SDN,10252.869,Africa,Sudan
2015,SEN,82345.025,Africa,Senegal
2015,SLE,40042.176,Africa,Sierra Leone
2015,SOM,819.297,Africa,Somalia
2015,SSD,55.742000000000004,Africa,South Sudan
2015,STP,666.007,Africa,Sao Tome and Principe
2015,SWZ,22125.286,Africa,Eswatini
2015,SYC,10829.122,Africa,Seychelles
2015,TCD,1359527.628,Africa,Chad
2015,TGO,14781.24,Africa,Togo
2015,TUN,548798.5109999999,Africa,Tunisia
2015,TZA,112815.495,Africa,Tanzania
2015,UGA,49414.252,Africa,Uganda
2015,ZAF,7127033.029,Africa,South Africa
2015,ZMB,49288.373,Africa,Zambia
2015,ZWE,67866.226,Africa,Zimbabwe
2016,AGO,2997212.051,Africa,Angola
2016,BDI,7774.018,Africa,Burundi
2016,BEN,11766.93,Africa,Benin
2016,BFA,3374.717,Africa,Burkina Faso
2016,BWA,418576.531,Africa,Botswana
2016,CAF,948.4540000000001,Africa,Central African Republic
2016,CIV,1277839.336,Africa,Côte d’Ivoire
2016,CMR,184983.72100000002,Africa,Cameroon
2016,COD,176676.30599999998,Africa,DR Congo
2016,COG,133022.116,Africa,Congo
2016,COM,2663.067,Africa,Comoros
2016,CPV,4204.823,Africa,Cabo Verde
2016,DJI,1044.6,Africa,Djibouti
2016,DZA,3547440.296,Africa,Algeria
2016,EGY,1637360.153,Africa,Egypt
2016,ERI,444.395,Africa,Eritrea
2016,ETH,235316.79799999998,Africa,Ethiopia
2016,GAB,193973.657,Africa,Gabon
2016,GHA,339387.618,Africa,Ghana
2016,GIN,13443.447,Africa,Guinea
2016,GMB,399.87,Africa,Gambia
2016,GNB,102.879,Africa,Guinea-Bissau
2016,GNQ,205701.046,Africa,Equatorial Guinea
2016,KEN,538657.681,Africa,Kenya
2016,LBR,45759.969000000005,Africa,Liberia
2016,LBY,722402.2440000001,Africa,Libya
2016,LSO,315589.472,Africa,Lesotho
2016,MAR,1094625.797,Africa,Morocco
2016,MDG,437787.86600000004,Africa,Madagascar
2016,MLI,11388.068,Africa,Mali
2016,MOZ,164374.895,Africa,Mozambique
2016,MRT,51269.472,Africa,Mauritania
2016,MUS,334295.323,Africa,Mauritius
2016,MWI,83593.746,Africa,Malawi
2016,NAM,94448.04699999999,Africa,Namibia
2016,NER,35326.382000000005,Africa,Niger
2016,NGA,4453703.841,Africa,Nigeria
2016,RWA,29288.731999999996,Africa,Rwanda
2016,SDN,15428.978000000001,Africa,Sudan
2016,SEN,70925.915,Africa,Senegal
2016,SLE,31647.32,Africa,Sierra Leone
2016,SOM,996.695,Africa,Somalia
2016,SSD,124.282,Africa,South Sudan
2016,STP,404.26099999999997,Africa,Sao Tome and Principe
2016,SWZ,21241.619,Africa,Eswatini
2016,SYC,7389.456,Africa,Seychelles
2016,TCD,955849.328,Africa,Chad
2016,TGO,12452.183,Africa,Togo
2016,TUN,412768.011,Africa,Tunisia
2016,TZA,153836.09,Africa,Tanzania
2016,UGA,52268.457,Africa,Uganda
2016,ZAF,6858526.107,Africa,South Africa
2016,ZMB,47121.179,Africa,Zambia
2016,ZWE,24158.868000000002,Africa,Zimbabwe
2017,AGO,2756372.651,Africa,Angola
2017,BDI,9116.148000000001,Africa,Burundi
2017,BEN,37072.919,Africa,Benin
2017,BFA,4838.455,Africa,Burkina Faso
2017,BWA,186241.84299999996,Africa,Botswana
2017,CAF,2159.221,Africa,Central African Republic
2017,CIV,1266905.368,Africa,Côte d’Ivoire
2017,CMR,119700.18400000001,Africa,Cameroon
2017,COD,86132.127,Africa,DR Congo
2017,COG,328551.233,Africa,Congo
2017,COM,5057.777999999999,Africa,Comoros
2017,CPV,3225.8630000000003,Africa,Cabo Verde
2017,DJI,4107.354,Africa,Djibouti
2017,DZA,3871368.958,Africa,Algeria
2017,EGY,1842050.1099999999,Africa,Egypt
2017,ERI,276.171,Africa,Eritrea
2017,ETH,293546.671,Africa,Ethiopia
2017,GAB,614299.797,Africa,Gabon
2017,GHA,777766.696,Africa,Ghana
2017,GIN,21134.132999999998,Africa,Guinea
2017,GMB,966.344,Africa,Gambia
2017,GNB,16.051,Africa,Guinea-Bissau
2017,GNQ,367255.09500000003,Africa,Equatorial Guinea
2017,KEN,572807.665,Africa,Kenya
2017,LBR,70654.06599999999,Africa,Liberia
2017,LBY,774560.55,Africa,Libya
2017,LSO,314247.854,Africa,Lesotho
2017,MAR,1251823.291,Africa,Morocco
2017,MDG,722971.61,Africa,Madagascar
2017,MLI,12442.019,Africa,Mali
2017,MOZ,198896.733,Africa,Mozambique
2017,MRT,61062.687999999995,Africa,Mauritania
2017,MUS,287714.581,Africa,Mauritius
2017,MWI,66525.066,Africa,Malawi
2017,NAM,119004.17,Africa,Namibia
2017,NER,54447.484000000004,Africa,Niger
2017,NGA,7594269.556,Africa,Nigeria
2017,RWA,55244.515,Africa,Rwanda
2017,SDN,14211.088999999998,Africa,Sudan
2017,SEN,99552.606,Africa,Senegal
2017,SLE,31824.728,Africa,Sierra Leone
2017,SOM,994.647,Africa,Somalia
2017,SSD,277.94,Africa,South Sudan
2017,STP,585.876,Africa,Sao Tome and Principe
2017,SWZ,20464.337,Africa,Eswatini
2017,SYC,17178.816,Africa,Seychelles
2017,TCD,542100.77,Africa,Chad
2017,TGO,15526.658000000001,Africa,Togo
2017,TUN,478946.159,Africa,Tunisia
2017,TZA,130520.931,Africa,Tanzania
2017,UGA,70789.245,Africa,Uganda
2017,ZAF,8013406.107,Africa,South Africa
2017,ZMB,68736.2,Africa,Zambia
2017,ZWE,48757.687999999995,Africa,Zimbabwe
2018,AGO,2813290.569,Africa,Angola
2018,BDI,14178.493,Africa,Burundi
2018,BEN,37656.637,Africa,Benin
2018,BFA,8832.283,Africa,Burkina Faso
2018,BWA,455446.059,Africa,Botswana
2018,CAF,2900.246,Africa,Central African Republic
2018,CIV,1321187.496,Africa,Côte d’Ivoire
2018,CMR,246021.257,Africa,Cameroon
2018,COD,49891.308000000005,Africa,DR Congo
2018,COG,482399.529,Africa,Congo
2018,COM,3010.8199999999997,Africa,Comoros
2018,CPV,4172.101,Africa,Cabo Verde
2018,DJI,2019.374,Africa,Djibouti
2018,DZA,4756699.813,Africa,Algeria
2018,EGY,2646181.643,Africa,Egypt
2018,ERI,192.901,Africa,Eritrea
2018,ETH,396998.577,Africa,Ethiopia
2018,GAB,550485.3219999999,Africa,Gabon
2018,GHA,629606.002,Africa,Ghana
2018,GIN,5147.041,Africa,Guinea
2018,GMB,661.404,Africa,Gambia
2018,GNB,176.02499999999998,Africa,Guinea-Bissau
2018,GNQ,602337.605,Africa,Equatorial Guinea
2018,KEN,637363.067,Africa,Kenya
2018,LBR,67995.46100000001,Africa,Liberia
2018,LBY,974462.766,Africa,Libya
2018,LSO,414946.575,Africa,Lesotho
2018,MAR,1616471.388,Africa,Morocco
2018,MDG,865882.417,Africa,Madagascar
2018,MLI,24355.353,Africa,Mali
2018,MOZ,132538.94,Africa,Mozambique
2018,MRT,6522.265,Africa,Mauritania
2018,MUS,340598.032,Africa,Mauritius
2018,MWI,60923.21,Africa,Malawi
2018,NAM,125934.373,Africa,Namibia
2018,NER,33461.538,Africa,Niger
2018,NGA,5813416.476000001,Africa,Nigeria
2018,RWA,75973.897,Africa,Rwanda
2018,SDN,20136.354,Africa,Sudan
2018,SEN,157174.139,Africa,Senegal
2018,SLE,56920.612,Africa,Sierra Leone
2018,SOM,1312.929,Africa,Somalia
2018,SSD,15.594000000000001,Africa,South Sudan
2018,STP,674.577,Africa,Sao Tome and Principe
2018,SWZ,14071.710000000001,Africa,Eswatini
2018,SYC,11007.303,Africa,Seychelles
2018,TCD,494695.24899999995,Africa,Chad
2018,TGO,12383.474,Africa,Togo
2018,TUN,657314.1,Africa,Tunisia
2018,TZA,200977.773,Africa,Tanzania
2018,UGA,59991.191999999995,Africa,Uganda
2018,ZAF,8438781.38,Africa,South Africa
2018,ZMB,197608.815,Africa,Zambia
2018,ZWE,79079.445,Africa,Zimbabwe
2019,AGO,1024244.376,Africa,Angola
2019,BDI,10335.276,Africa,Burundi
2019,BEN,24050.75,Africa,Benin
2019,BFA,7533.796,Africa,Burkina Faso
2019,BWA,256125.857,Africa,Botswana
2019,CAF,3507.365,Africa,Central African Republic
2019,CIV,1008510.127,Africa,Côte d’Ivoire
2019,CMR,337959.59099999996,Africa,Cameroon
2019,COD,22860.869,Africa,DR Congo
2019,COG,583099.748,Africa,Congo
2019,COM,2076.496,Africa,Comoros
2019,CPV,4707.996,Africa,Cabo Verde
2019,DJI,2626.225,Africa,Djibouti
2019,DZA,2543972.3030000003,Africa,Algeria
2019,EGY,3445383.818,Africa,Egypt
2019,ERI,126.056,Africa,Eritrea
2019,ETH,524407.78,Africa,Ethiopia
2019,GAB,202537.17,Africa,Gabon
2019,GHA,983349.3720000001,Africa,Ghana
2019,GIN,6840.52,Africa,Guinea
2019,GMB,646.726,Africa,Gambia
2019,GNB,1868.009,Africa,Guinea-Bissau
2019,GNQ,343808.615,Africa,Equatorial Guinea
2019,KEN,673905.2119999999,Africa,Kenya
2019,LBR,80043.799,Africa,Liberia
2019,LBY,832778.9130000001,Africa,Libya
2019,LSO,337013.354,Africa,Lesotho
2019,MAR,1610669.507,Africa,Morocco
2019,MDG,816320.662,Africa,Madagascar
2019,MLI,14855.234,Africa,Mali
2019,MOZ,151329.102,Africa,Mozambique
2019,MRT,3573.2090000000003,Africa,Mauritania
2019,MUS,350586.729,Africa,Mauritius
2019,MWI,105759.016,Africa,Malawi
2019,NAM,132956.016,Africa,Namibia
2019,NER,11400.806,Africa,Niger
2019,NGA,4736447.59,Africa,Nigeria
2019,RWA,48083.939,Africa,Rwanda
2019,SDN,22712.454,Africa,Sudan
2019,SEN,149919.698,Africa,Senegal
2019,SLE,27407.859,Africa,Sierra Leone
2019,SOM,1067.518,Africa,Somalia
2019,SSD,70376.25899999999,Africa,South Sudan
2019,STP,1056.1009999999999,Africa,Sao Tome and Principe
2019,SWZ,20690.284,Africa,Eswatini
2019,SYC,14313.241,Africa,Seychelles
2019,TCD,135566.665,Africa,Chad
2019,TGO,14364.311,Africa,Togo
2019,TUN,474204.056,Africa,Tunisia
2019,TZA,140901.336,Africa,Tanzania
2019,UGA,75682.098,Africa,Uganda
2019,ZAF,7960972.19,Africa,South Africa
2019,ZMB,83893.87299999999,Africa,Zambia
2019,ZWE,48678.289,Africa,Zimbabwe
2020,AGO,530539.0739999999,Africa,Angola
2020,BDI,4565.271,Africa,Burundi
2020,BEN,13691.626,Africa,Benin
2020,BFA,9447.408,Africa,Burkina Faso
2020,BWA,164419.538,Africa,Botswana
2020,CAF,950.378,Africa,Central African Republic
2020,CIV,985894.623,Africa,Côte d’Ivoire
2020,CMR,451517.29,Africa,Cameroon
2020,COD,30597.172000000002,Africa,DR Congo
2020,COG,137145.664,Africa,Congo
2020,COM,1802.31,Africa,Comoros
2020,CPV,5057.486,Africa,Cabo Verde
2020,DJI,2200.295,Africa,Djibouti
2020,DZA,494313.047,Africa,Algeria
2020,EGY,2463096.397,Africa,Egypt
2020,ERI,280.936,Africa,Eritrea
2020,ETH,479747.512,Africa,Ethiopia
2020,GAB,192227.506,Africa,Gabon
2020,GHA,744587.839,Africa,Ghana
2020,GIN,7822.97,Africa,Guinea
2020,GMB,1067.315,Africa,Gambia
2020,GNB,923.8950000000001,Africa,Guinea-Bissau
2020,GNQ,129304.429,Africa,Equatorial Guinea
2020,KEN,573160.319,Africa,Kenya
2020,LBR,50160.089,Africa,Liberia
2020,LBY,224821.66400000002,Africa,Libya
2020,LSO,293228.66,Africa,Lesotho
2020,MAR,1212103.125,Africa,Morocco
2020,MDG,608244.593,Africa,Madagascar
2020,MLI,1971.731,Africa,Mali
2020,MOZ,125836.518,Africa,Mozambique
2020,MRT,5731.6449999999995,Africa,Mauritania
2020,MUS,251537.616,Africa,Mauritius
2020,MWI,46989.058,Africa,Malawi
2020,NAM,87621.723,Africa,Namibia
2020,NER,22396.834,Africa,Niger
2020,NGA,1708355.9910000002,Africa,Nigeria
2020,RWA,34222.528,Africa,Rwanda
2020,SDN,85746.299,Africa,Sudan
2020,SEN,128406.62700000001,Africa,Senegal
2020,SLE,31978.11,Africa,Sierra Leone
2020,SOM,499.07599999999996,Africa,Somalia
2020,SSD,111.962,Africa,South Sudan
2020,STP,650.6700000000001,Africa,Sao Tome and Principe
2020,SWZ,23060.518,Africa,Eswatini
2020,SYC,11407.043,Africa,Seychelles
2020,TCD,3526.156,Africa,Chad
2020,TGO,22211.03,Africa,Togo
2020,TUN,586696.612,Africa,Tunisia
2020,TZA,142010.72400000002,Africa,Tanzania
2020,UGA,82314.37700000001,Africa,Uganda
2020,ZAF,11390299.959,Africa,South Africa
2020,ZMB,55278.547,Africa,Zambia
2020,ZWE,37900.622,Africa,Zimbabwe
2021,AGO,1147060.21,Africa,Angola
2021,BDI,4049.103,Africa,Burundi
2021,BEN,7396.724,Africa,Benin
2021,BFA,57850.617999999995,Africa,Burkina Faso
2021,BWA,244492.148,Africa,Botswana
2021,CAF,565.976,Africa,Central African Republic
2021,CIV,1351823.691,Africa,Côte d’Ivoire
2021,CMR,215260.723,Africa,Cameroon
2021,COD,272724.255,Africa,DR Congo
2021,COG,53169.892,Africa,Congo
2021,COM,6346.279,Africa,Comoros
2021,CPV,6815.329,Africa,Cabo Verde
2021,DJI,59704.397999999994,Africa,Djibouti
2021,DZA,1903230.459,Africa,Algeria
2021,EGY,3873132.886,Africa,Egypt
2021,ERI,456.459,Africa,Eritrea
2021,ETH,564452.21,Africa,Ethiopia
2021,GAB,156971.785,Africa,Gabon
2021,GHA,1782233.4510000001,Africa,Ghana
2021,GIN,8724.853,Africa,Guinea
2021,GMB,1229.448,Africa,Gambia
2021,GNB,202.649,Africa,Guinea-Bissau
2021,GNQ,281070.244,Africa,Equatorial Guinea
2021,KEN,687905.487,Africa,Kenya
2021,LBR,80302.846,Africa,Liberia
2021,LBY,2220022.5279999995,Africa,Libya
2021,LSO,340354.46,Africa,Lesotho
2021,MAR,1436697.329,Africa,Morocco
2021,MDG,676046.56,Africa,Madagascar
2021,MLI,2886.802,Africa,Mali
2021,MOZ,161070.633,Africa,Mozambique
2021,MRT,4491.226,Africa,Mauritania
2021,MUS,250432.412,Africa,Mauritius
2021,MWI,51094.731,Africa,Malawi
2021,NAM,145733.77300000002,Africa,Namibia
2021,NER,15863.770999999999,Africa,Niger
2021,NGA,3750798.028,Africa,Nigeria
2021,RWA,41984.068,Africa,Rwanda
2021,SDN,19182.126,Africa,Sudan
2021,SEN,180753.329,Africa,Senegal
2021,SLE,16349.24,Africa,Sierra Leone
2021,SOM,1171.8600000000001,Africa,Somalia
2021,SSD,85.105,Africa,South Sudan
2021,STP,1285.171,Africa,Sao Tome and Principe
2021,SWZ,23172.372,Africa,Eswatini
2021,SYC,14275.747,Africa,Seychelles
2021,TCD,4134.426,Africa,Chad
2021,TGO,20830.266,Africa,Togo
2021,TUN,762433.904,Africa,Tunisia
2021,TZA,106521.269,Africa,Tanzania
2021,UGA,103495.766,Africa,Uganda
2021,ZAF,15574927.231999999,Africa,South Africa
2021,ZMB,207839.09900000002,Africa,Zambia
2021,ZWE,43319.81,Africa,Zimbabwe
2022,AGO,1639233.611,Africa,Angola
2022,BDI,7961.521000000001,Africa,Burundi
2022,BEN,4963.704,Africa,Benin
2022,BFA,46759.045999999995,Africa,Burkina Faso
2022,BWA,202633.006,Africa,Botswana
2022,CAF,869.803,Africa,Central African Republic
2022,CIV,1186677.487,Africa,Côte d’Ivoire
2022,CMR,112089.156,Africa,Cameroon
2022,COD,181223.212,Africa,DR Congo
2022,COG,165703.576,Africa,Congo
2022,COM,5614.152,Africa,Comoros
2022,CPV,8240.369999999999,Africa,Cabo Verde
2022,DJI,55996.428,Africa,Djibouti
2022,DZA,3151318.258,Africa,Algeria
2022,EGY,3301122.698,Africa,Egypt
2022,ERI,333.841,Africa,Eritrea
2022,ETH,674128.582,Africa,Ethiopia
2022,GAB,294663.6,Africa,Gabon
2022,GHA,2839784.2119999994,Africa,Ghana
2022,GIN,6807.658,Africa,Guinea
2022,GMB,1405.9959999999999,Africa,Gambia
2022,GNB,15.948,Africa,Guinea-Bissau
2022,GNQ,229732.438,Africa,Equatorial Guinea
2022,KEN,870012.0430000001,Africa,Kenya
2022,LBR,90218.891,Africa,Liberia
2022,LBY,2242360.326,Africa,Libya
2022,LSO,340738.552,Africa,Lesotho
2022,MAR,1719611.557,Africa,Morocco
2022,MDG,901061.968,Africa,Madagascar
2022,MLI,4260.042,Africa,Mali
2022,MOZ,186254.334,Africa,Mozambique
2022,MRT,7327.605,Africa,Mauritania
2022,MUS,279766.572,Africa,Mauritius
2022,MWI,59005.706,Africa,Malawi
2022,NAM,217791.236,Africa,Namibia
2022,NER,8552.403,Africa,Niger
2022,NGA,4850215.894,Africa,Nigeria
2022,RWA,62658.574,Africa,Rwanda
2022,SDN,37996.155999999995,Africa,Sudan
2022,SEN,530834.905,Africa,Senegal
2022,SLE,17739.743000000002,Africa,Sierra Leone
2022,SOM,477.322,Africa,Somalia
2022,SSD,30.241999999999997,Africa,South Sudan
2022,STP,882.307,Africa,Sao Tome and Principe
2022,SWZ,23059.704,Africa,Eswatini
2022,SYC,15393.008,Africa,Seychelles
2022,TCD,4767.9310000000005,Africa,Chad
2022,TGO,63375.990999999995,Africa,Togo
2022,TUN,853255.328,Africa,Tunisia
2022,TZA,173816.259,Africa,Tanzania
2022,UGA,187254.604,Africa,Uganda
2022,ZAF,13675205.202,Africa,South Africa
2022,ZMB,159705.885,Africa,Zambia
2022,ZWE,91810.36,Africa,Zimbabwe
2023,AGO,1292712.338,Africa,Angola
2023,BDI,6462.42,Africa,Burundi
2023,BEN,16355.723,Africa,Benin
2023,BFA,30595.826999999997,Africa,Burkina Faso
2023,BWA,456453.82800000004,Africa,Botswana
2023,CAF,1987.938,Africa,Central African Republic
2023,CIV,1095138.019,Africa,Côte d’Ivoire
2023,CMR,136609.923,Africa,Cameroon
2023,COD,277143.12899999996,Africa,DR Congo
2023,COG,297951.748,Africa,Congo
2023,COM,3337.625,Africa,Comoros
2023,CPV,7290.594999999999,Africa,Cabo Verde
2023,DJI,76488.169,Africa,Djibouti
2023,DZA,3139910.744,Africa,Algeria
2023,EGY,2758880.47,Africa,Egypt
2023,ERI,371.725,Africa,Eritrea
2023,ETH,487811.47000000003,Africa,Ethiopia
2023,GAB,187697.465,Africa,Gabon
2023,GHA,1743756.729,Africa,Ghana
2023,GIN,12935.646999999999,Africa,Guinea
2023,GMB,1646.367,Africa,Gambia
2023,GNB,620.7330000000001,Africa,Guinea-Bissau
2023,GNQ,309251.48,Africa,Equatorial Guinea
2023,KEN,805827.12,Africa,Kenya
2023,LBR,67312.947,Africa,Liberia
2023,LBY,1568119.7179999999,Africa,Libya
2023,LSO,221932.122,Africa,Lesotho
2023,MAR,1604517.011,Africa,Morocco
2023,MDG,661367.839,Africa,Madagascar
2023,MLI,7319.964,Africa,Mali
2023,MOZ,214637.891,Africa,Mozambique
2023,MRT,7231.608,Africa,Mauritania
2023,MUS,298298.411,Africa,Mauritius
2023,MWI,47446.487,Africa,Malawi
2023,NAM,129816.025,Africa,Namibia
2023,NER,5152.873,Africa,Niger
2023,NGA,6296261.498,Africa,Nigeria
2023,RWA,38551.445999999996,Africa,Rwanda
2023,SDN,13448.452,Africa,Sudan
2023,SEN,196089.676,Africa,Senegal
2023,SLE,22142.668,Africa,Sierra Leone
2023,SOM,1537.3300000000002,Africa,Somalia
2023,SSD,241.52,Africa,South Sudan
2023,STP,1762.616,Africa,Sao Tome and Principe
2023,SWZ,31606.961000000003,Africa,Eswatini
2023,SYC,10087.571,Africa,Seychelles
2023,TCD,86322.729,Africa,Chad
2023,TGO,91706.08,Africa,Togo
2023,TUN,936317.726,Africa,Tunisia
2023,TZA,208353.647,Africa,Tanzania
2023,UGA,132883.095,Africa,Uganda
2023,ZAF,13061753.429,Africa,South Africa
2023,ZMB,192776.894,Africa,Zambia
2023,ZWE,118702.833,Africa,Zimbabwe
